title;composers;year;meter;key;length
Sweeping Up;Swallow, Steve;1975;3/4;G;7
Red Clay;Hubbard, Freddie;1970;4/4;c;11
Bessie's Blues;Coltrane, John;1964;4/4;E-;12
Blues Five Spot;Monk, Thelonious;1962;4/4;B-;12
Blues In The Closet;Pettiford, Oscar;1955;4/4;A-;12
Blue Sphere;Monk, Thelonious;1971;4/4;B-;12
C Jam Blues;Ellington, Duke;1942;4/4;C;12
Cousin Mary;Coltrane, John;1959;4/4;A-;12
Eighty One;Carter, Ron;1965;4/4;F;12
Equinox;Coltrane, John;1960;4/4;c#;12
Jody Grind, The;Silver, Horace;1966;4/4;b-;12
Jumpin With Symphony Sid;Young, Lester;1950;4/4;B-;12
Kicker, The;Henderson, Joe;1963;4/4;B-;12
Misterioso;Monk, Thelonious;1948;4/4;B-;12
Mr. P.C.;Coltrane, John;1959;4/4;c;12
Parker's Mood;Parker, Charlie;1948;4/4;B-;12
Some Other Blues;Coltrane, John;1959;4/4;F;12
St. Louis Blues;Handy, W.C.;1914;4/4;G;12
Straight No Chaser;Monk, Thelonious;1951;4/4;B-;12
Tenor Madness;Rollins, Sonny;1956;4/4;B-;12
Ba-lue Bolivar Ba-lues-are;Monk, Thelonious;1956;4/4;B-;13
Blues For Wood;Shaw, Woody;1976;4/4;f;13
Chasin' The Trane;Coltrane, John;1962;4/4;F;13
Fine And Mellow;Holiday, Billie;1940;4/4;F;13
Bloomdido;Parker, Charlie;1953;4/4;B-;14
Interplay;Evans, Bill;1962;4/4;f;14
Relaxin' At Camarillo;Parker, Charlie;1947;4/4;C;14
Solar;Davis, Miles;1954;4/4;c;14
Sonnymoon For Two;Rollins, Sonny;1957;4/4;B-;14
Things Ain't What They Used To Be;Ellington, Duke;1942;4/4;D-;14
Turnaround;Coleman, Ornette;1959;4/4;C;14
Bags' Groove;Jackson, Milt;1954;4/4;F;15
Barbados;Parker, Charlie;1948;4/4;F;15
Moonchild;Jarrett, Keith;1971;4/4;e;15
Sandu;Brown, Clifford;1955;4/4;E-;15
Billie's Bounce;Parker, Charlie;1945;4/4;F;16
Birk's Works;Gillespie, Dizzy;1956;4/4;f;16
Blue In Green;Davis, Miles & Evans, Bill;1959;4/4;d;16
Booker's Waltz;Little, Booker;1961;3/4;A-;16
Cantaloupe Island;Hancock, Herbie;1964;4/4;f;16
Contemplation;Tyner, McCoy;1967;3/4;c;16
Cyclic Episode;Rivers, Sam;1964;4/4;C;16
Friday The 13th;Monk, Thelonious;1959;4/4;G;16
If You Never Come To Me;Jobim, Antonio Carlos;1964;4/4;C;16
Iris;Shorter, Wayne;1965;3/4;f;16
Nefertiti;Shorter, Wayne;1968;4/4;A-;16
Now's The Time;Parker, Charlie;1945;4/4;F;16
Pent Up House;Rollins, Sonny;1956;4/4;G;16
Re: Person I Knew;Evans, Bill;1974;4/4;C;16
Route 66;Troup, Bobby;1946;4/4;F;16
Sorcerer, The;Hancock, Herbie;1967;4/4;D-;16
Sweet Georgia Bright;Lloyd, Charles;1964;4/4;C;16
Toys;Hancock, Herbie;1977;4/4;d;16
Valse Hot;Rollins, Sonny;1956;3/4;A-;16
Walkin';Davis, Miles;1949;4/4;F;16
Watermelon Man;Hancock, Herbie;1963;4/4;F;16
Wayne's Thang;Garrett, Kenny;1995;4/4;e;16
We Will Meet Again;Evans, Bill;1977;3/4;c;16
Blue Bossa;Dorham, Kenny;1963;4/4;c;17
Coral;Jarrett, Keith;1973;4/4;c;17
Israel;Carisi, John;1949;4/4;d;17
Mac The Knife;Weill, Kurt;1928;4/4;B-;17
Sugar;Turrentine, Stanley;1971;4/4;c;17
When It Rains;Mehldau, Brad;2001;4/4;B;17
When The Saints Go Marching In;Traditional;1896;4/4;F;17
Work Song;Adderley, Nat;1960;4/4;f;17
Beatrice;Rivers, Sam;1968;4/4;F;18
Humpty Dumpty;Corea, Chick;1978;4/4;C;18
Jackie-ing;Monk, Thelonious;1959;4/4;B-;18
Lady Bird;Dameron, Tadd;1947;4/4;C;18
On The Trail;Grofe, Ferde;1933;4/4;F;18
Peace;Silver, Horace;1959;4/4;B-;18
Played Twice;Monk, Thelonious;1959;4/4;C;18
Sunny;Hebb, Bobby;1963;4/4;a;18
Swinging Shepherd Blues, The;Roberts, Rhoda & Koffman, Moe & Jacobson, Kenny;1958;4/4;B-;18
United;Shorter, Wayne;1961;3/4;F;18
Cheryl;Parker, Charlie;1955;4/4;C;19
Fall;Shorter, Wayne;1967;4/4;e;19
Funkallero;Evans, Bill;1971;3/4;c;19
Si Si;Parker, Charlie;1951;4/4;F;19
Yesterdays;Kern, Jerome;1933;4/4;d;19
Afro Blue;Santamaria, Mongo;1959;3/4;f;20
Blue Daniel;Rosolino, Frank;1978;3/4;D;20
Blues For Alice;Parker, Charlie;1951;4/4;F;20
Brotherhood Of Man;Loesser, Frank;1961;4/4;E-;20
Deluge;Shorter, Wayne;1964;4/4;e-;20
Feel Like Makin' Love;McDaniels, Eugene;1974;4/4;E-;20
Freight Train;Flanagan, Tommy;1962;4/4;A-;20
Got A Match?;Corea, Chick;1990;4/4;d;20
Half Nelson;Davis, Miles;1948;4/4;C;20
Leaving;Beirach, Richie;1976;4/4;B-;20
Ligia;Jobim, Antonio Carlos;1976;4/4;B;20
Mc Jolt;Richie, Beirach;1990;4/4;e-;20
Old Country, The;Lewis, Curtis & Adderley, Cannonball;1961;4/4;d;20
One Finger Snap;Hancock, Herbie;1964;4/4;E-;20
Preacher, The;Silver, Horace;1954;4/4;F;20
Recordame;Henderson, Joe;1963;4/4;a;20
Pinocchio;Shorter, Wayne;1968;4/4;e-;21
Gloria's Step;LaFaro, Scott;1960;4/4;F;22
Just A Gigolo;Casucci, Leonello;1928;4/4;F;22
Little Boat (O Barquinho);Menescal, Roberto;1963;4/4;B-;22
Little B's Poem;Hutcherson, Bobby;1965;3/4;f;22
Armando's Rhumba;Corea, Chick;1976;4/4;c;23
El Gaucho;Shorter, Wayne;1965;4/4;F;23
Nostalgia In Times Square;Mingus, Charles;1959;4/4;F;23
Pee Wee;Williams, Tony;1967;3/4;D-;23
Summertime;Gershwin, George;1935;4/4;a;23
Taste Of Honey, A;Scott, Bobby & Marlow, Ric;1960;3/4;d;23
Why Don't You Do Right?;McCoy, Kansas Joe;1936;4/4;d;23
Adam's Apple;Shorter, Wayne;1966;4/4;A-;24
All Blues;Davis, Miles;1959;3/4;G;24
Bluesette;Thielemans, Toots;1962;3/4;B-;24
Central Park West;Coltrane, John;1959;4/4;B;24
Footprints;Shorter, Wayne;1966;3/4;c;24
For Jan;Wheeler, Kenny;1966;3/4;A;24
Four On Six;Montgomery, Wes;1960;4/4;g;24
Freddie Freeloader;Davis, Miles;1959;4/4;B-;24
Inner Urge;Henderson, Joe;1965;4/4;G;24
Juju;Shorter, Wayne;1964;3/4;B;24
Light Blue;Monk, Thelonious;1957;4/4;C;24
Paper Doll;Black, Johnny;1943;4/4;F;24
Serenity;Henderson, Joe;1964;4/4;E-;24
Simone;Foster, Frank;1968;3/4;d;24
Spain;Corea, Chick;1971;4/4;b;24
St. Thomas;Rollins, Sonny;1956;4/4;C;24
Summer Band Camp;Goodrick, Mick;1979;4/4;C;24
Ballade;Parker, Charlie;1950;4/4;F;25
Doxy;Rollins, Sonny;1954;4/4;B-;25
Midnight Mood;Zawinul, Joe;1965;3/4;D-;25
Minor Strain;Timmons, Bobby;1960;4/4;G;25
Smoke Rings;Gifford, Gene & Washington, Ned;1932;4/4;D-;25
Song For My Father;Silver, Horace;1964;4/4;f;25
Witch Hunt;Shorter, Wayne;1961;4/4;c;25
Afro Centric;Henderson, Joe;1969;4/4;D-;26
Giant Steps;Coltrane, John;1959;4/4;B;26
If You Ever Should Leave;Cahn, Sammy & Chaplin, Saul;1937;4/4;C;26
Night Dreamer;Shorter, Wayne;1964;3/4;G;26
Sound For Sore Ears, A;Heath, Jimmy;1970;4/4;E-;26
Black Narcissus;Henderson, Joe;1967;3/4;g#;27
Boo Boo's Birthday;Monk, Thelonious;1968;4/4;C;27
Girl Talk;Hefti, Neal;1965;4/4;F;27
Infant Eyes;Shorter, Wayne;1964;4/4;E-;27
Serenade To A Cuckoo;Kirk, Roland;1965;4/4;f;27
Time Remembered;Evans, Bill;1963;4/4;b;27
Better Than Anything;Wheat, David;1963;3/4;C;28
Like Sonny;Coltrane, John;1960;4/4;E-;28
Never Will I Marry;Loesser, Frank;1960;4/4;B-;28
It's Been A Long Long Time;Styne, Jule;1930;4/4;F;29
Miyako;Shorter, Wayne;1967;3/4;A;29
My Ideal;Whiting, Richard;1930;4/4;E-;29
Perhaps;Parker, Charlie;1948;4/4;C;29
Child Is Born, A;Jones, Thad;1972;3/4;B-;30
Criss Cross;Monk, Thelonious;1963;4/4;g;30
Questar;Jarrett, Keith;1978;4/4;B-;30
Stolen Moments;Nelson, Oliver;1961;4/4;c;30
Chucho;D'Rivera, Paquito;1974;4/4;d;30
Bemsha Swing;Monk, Thelonious;1952;4/4;C;31
Idle Moments;Green, Grant;1964;4/4;c;31
I Wish I Knew How It Would Feel To Be Free;Taylor, Billy;1963;4/4;F;31
Memories Of Tomorrow;Jarrett, Keith;1975;4/4;a;31
Mercy Mercy Mercy;Zawinul, Joe;1966;4/4;B-;31
When You're Smilin';Shay, Larry & Fisher, Marc & Goodwin, Joe;1928;4/4;C;31
April Joy;Metheny, Pat;1978;4/4;B-;32
Avalon;Jolson, Al & DeSylva, Buddy & Rose, Vincent;1920;4/4;B-;32
Backstage Sally;Shorter, Wayne;1961;4/4;f;32
Bright Size Life;Metheny, Pat;1976;4/4;D;32
Bye Bye Blues;Hamm, Fred & Bennett, David & Lown, Bert & Gray, Chauncey;1930;4/4;C;32
Down By The Riverside;Traditional;1927;4/4;F;32
Fascination;Marchetti, Fernando Dante;1932;3/4;C;32
Gary's Notebook;Morgan, Lee;1963;3/4;c;32
Glad To Be Unhappy;Rodgers, Richard;1936;4/4;F;32
Hot House;Dameron, Tadd;1945;4/4;C;32
Hungaria;Reinhardt, Django;1939;4/4;G;32
Impressions;Coltrane, John;1963;4/4;d;32
In A Mellow Tone (In A Mellotone);Ellington, Duke;1940;4/4;A-;32
I've Found A New Baby v2;Palmer, Jack & Williams, Spencer;1926;4/4;F;32
Killer Joe;Golson, Benny;1959;4/4;C;32
Ladies In Mercedes;Swallow, Steve;1985;4/4;G;32
Lennie's Pennies;Tristano, Lennie;1952;4/4;c;32
Lonnie's Lament;Coltrane, John;1964;4/4;c;32
Maiden Voyage;Hancock, Herbie;1965;4/4;D;32
Mirror, Mirror;Chick, Corea;1980;3/4;C;32
Move;Best, Denzil;1949;4/4;B-;32
Nandis;Davis, Miles & Evans, Bill;1959;4/4;e;32
On Broadway;Mann, Barry & Weil, Cynthia & Stoller, Mike & Leiber, Jerry;1963;4/4;F;32
Phase Dance;Metheny, Pat	;1978;4/4;b;32
Sister Sadie;Silver, Horace;1959;4/4;G;32
So Danco Samba;Jobim, Antonio Carlos;1963;4/4;C;32
Someday My Prince Will Come;Churchill, Frank;1937;3/4;B-;32
So What;Davis, Miles;1959;4/4;d;32
Subconscious Lee;Konitz, Lee;1949;4/4;C;32
Sweet Sue, Just You;Harris, Will & Young, Victor;1928;4/4;G;32
Tune Up;Davis, Miles;1953;4/4;B-;32
What Is This Thing Called Love;Porter, Cole;1930;4/4;C;32
Blue (And Broken Hearted);Handman, Lou;1922;4/4;B-;33
Bossa Antigua;Desmond, Paul;1964;4/4;A-;33
Bright Mississippi;Monk, Thelonious;1962;4/4;A-;33
Cool One, The;Golson, Benny;1961;4/4;G;33
Fine And Dandy;Swift, Kay;1930;4/4;F;33
Gee Baby, Ain't I Good To You;Redman, Don;1929;4/4;E-;33
I've Got A Crush On You;Gershwin, George;1928;4/4;B-;33
Jeannie's Song;Ivery, Marchel;1994;4/4;F;33
Just In Tune;Abercrombie, John;1999;4/4;C;33
Minor Mood;Brown, Clifford;1953;4/4;f;33
Nothing Personal;Grolnick, Don;1987;4/4;g;33
O Grande Amor;Jobim, Antonio Carlos;1963;4/4;a;33
Oliloqui Valley;Hancock, Herbie;1964;4/4;C;33
Passion Dance;Tyner, McCoy;1967;4/4;F;33
Unrequited;Mehldau, Brad;1998;4/4;C;33
You Won't Forget Me;Goell, Kermit & Spielman, Fred;1953;4/4;b-;33
All Of Me;Marks, Gerald;1931;4/4;C;34
Autumn Leaves;Kosma, Joseph;1947;4/4;g;34
Bloom, Rube;Fools, Rush In;1940;4/4;C;34
Boy Next Door;Martin, Hugh & Blane, Ralph;1944;3/4;C;34
Brazilian Like;Petrucciani, Michel;1998;4/4;b-;34
Feels So Good;Mangione, Chuck;1977;4/4;F;34
Groovin' High;Gillespie, Dizzy;1944;4/4;E-;34
I Fall In Love Too Easily;Styne, Jule;1944;4/4;E-;34
In A Shanty In Old Shanty Town;Little, Jack & Siras, John;1932;3/4;F;34
Rose Room;Hickman, Art;1917;4/4;G;34
Serene;Dolphy, Eric;1960;4/4;E-;34
Shadow Of Your Smile, The;Mandel, Johnny;1965;4/4;G;34
Shine;Dabney, Ford;1910;4/4;E-;34
Smile;Chaplin, Charles;1936;4/4;F;34
Struttin' With Some Barbecue;Armstrong, Lillian;1928;4/4;F;34
Upper Manhattan Medical Group;Strayhorn, Billy;1956;4/4;D-;34
Weaver Of Dreams, A;Young, Victor;1952;4/4;C;34
502 Blues;Rowles, Jimmy;1966;3/4;a;35
Alexander's Ragtime Band;Berlin, Irving;1911;4/4;F;35
All Alone;Berlin, Irving;1924;3/4;F;35
All Of A Sudden My Heart Sings;Herpin, Laurent & Rome, Harold & Blauvillain, Jean Marie;1944;4/4;C;35
Beyond The Blue Horizon;Whiting, Richard & Harling, W. Franke;1930;4/4;B-;35
Bill Bailey;Traditional;1902;4/4;G;35
Blue Lou;Mills, Irving;1935;4/4;B-;35
Broadway;Woode, William Henri & Bird, Bill & McRae, Teddy;1940;4/4;B-;35
Chicken, The;Ellis, Pee Wee;1982;4/4;B-;35
Dearly Beloved;Kern, Jerome;1942;4/4;C;35
E.S.P.;Shorter, Wayne;1965;4/4;F;35
Good Life, The;Distel, Sacha;1962;4/4;A-;35
How Insensitive;Jobim, Antonio Carlos;1963;4/4;d;35
I'll See You In My Dreams;Jones, Isham;1924;4/4;F;35
I Love Paris;Porter, Cole;1953;4/4;c;35
I Love You;Porter, Cole;1944;4/4;F;35
In A Little Spanish Town;Wayne, Mabel;1936;4/4;G;35
In The Wee Small Hours Of The Morning;Mann, David;1955;4/4;C;35
Limehouse Blues;Braham, Philip & Furber, Douglas;1922;4/4;A-;35
Little Waltz;Carter, Ron;1966;3/4;f;35
Look For The Silver Lining;Kern, Jerome;1920;4/4;B-;35
Mimi;Rodgers, Richard;1932;4/4;G;35
My Melancholy Baby;Burnett, Ernie & Norton, George;1911;4/4;B-;35
Nuages;Reinhardt, Django;1939;4/4;G;35
Out Of Nowhere;Green, Johnny;1931;4/4;G;35
Remember;Berlin, Irving;1925;4/4;A-;35
So Nice (Summer Samba);Valles, Marco;1966;4/4;F;35
Stella By Starlight;Young, Victor;1946;4/4;B-;35
Them There Eyes;Pinkard, Maceo & Tauber, Doris & Tracey, William;1930;4/4;A-;35
Time On My Hands;Youmans, Vincent;1930;4/4;F;35
Why Do I Love You?;Kern, Jerome;1927;4/4;A-;35
Zingaro (Retrato Em Branco E Preto);Jobim, Antonio Carlos;1967;4/4;g;35
Baubles, Bangles And Beads;Wright, Robert & Forrest, George;1953;3/4;A-;36
Beautiful Love;Young, Victor;1931;4/4;d;36
Candy;Mack David & Joan Whitney & Alex Kramer;1944;4/4;B-;36
Dancing In The Dark;Schwartz, Arthur;1931;4/4;C;36
Day By Day;Cahn, Sammy & Stordahl, Axel & Weston, Paul;1945;4/4;G;36
Donna Lee;Charlie, Parker;1947;4/4;A-;36
Fine Romance, A;Kern, Jerome;1936;4/4;C;36
Funk In Deep Freeze;Mobley, Hank;1957;4/4;f;36
Green Chimneys;Monk, Thelonious;1968;4/4;a-;36
Hackensack;Monk, Thelonious;1954;4/4;F;36
I Can't Believe...You're In Love...;McHugh, Jimmy;1926;4/4;C;36
I Can't Give You Anything But Love;McHugh, Jimmy;1928;4/4;F;36
I'll Close My Eyes;Reid, Billy;1945;4/4;F;36
Jersey Bounce;Johnson, Eddie & Bradshaw, Tiny & Plater, Bobby;1941;4/4;F;36
Just Friends;Klenner, John;1931;4/4;G;36
Just In Time;Styne, Jule;1956;4/4;B-;36
Little Tear, A;Deodato, Eumir & Valle, Paulo;1965;4/4;E-;36
Lonesome Road, The;Skilkret, Nathaniel;1928;4/4;E-;36
On A Slow Boat To China;Loesser, Frank;1948;4/4;B-;36
Shiny Stockings;Foster, Frank;1955;4/4;F;36
Strike Up The Band;Gershwin, George;1929;4/4;E-;36
Take The A Train;Strayhorn, Billy;1941;4/4;C;36
This Can't Be Love;Rodgers, Richard;1938;4/4;F;36
This I Dig Of You;Mobley, Hank;1960;4/4;B-;36
Tonight;Bernstein, Leonard;1957;4/4;G;36
Ugly Beauty;Monk, Thelonious;1967;3/4;D-;36
Well You Needn't;Monk, Thelonious;1944;4/4;F;36
You Stepped Out Of A Dream;Nacio Herb Brown;1940;4/4;C;36
Across The Valley From The Alamo;Greene, Joe;1947;4/4;F;37
All Of You;Porter, Cole;1954;4/4;E-;37
Beautiful Friendship, A;Kahn, Donald;1957;4/4;A-;37
Best Things In Life Are Free, The;DeSylva, B.G. & Brown, Lew & Henderson, Ray;1927;4/4;C;37
Blossom Fell, A;Barnes, Howard & Cornelius, Harold & John, Dominic;1954;4/4;B-;37
Breeze And I, The;Lecuona, Ernesto;1941;4/4;E-;37
Days And Nights Waiting;Jarrett, Keith;1968;4/4;D;37
Don't Worry 'Bout Me;Bloom, Rube;1939;4/4;A-;37
Exactly Like You;McHugh, Jimmy;1930;4/4;C;37
Fever;Davenport, John (Otis Blackwell) & Cooley, Eddie;1956;4/4;a;37
Four;Davis, Miles;1954;4/4;E-;37
I've Found A New Baby;Palmer, Jack & Williams, Spencer;1926;4/4;F;37
Lady's In Love With You, The;Lane, Burton;1939;4/4;G;37
Lazy River;Carmichael, Hoagy;1931;4/4;F;37
My Shining Hour;Arlen, Harold;1943;4/4;C;37
On A Clear Day;Lane, Burton;1966;4/4;G;37
Perdido;Tizol, Juan;1942;4/4;B-;37
There Will Never Be Another You;Warren, Harry;1942;4/4;E-;37
They Didn't Believe Me;Kern, Jerome;1914;4/4;G;37
This Is New;Weill, Kurt;1958;4/4;c;37
Three Little Words;Ruby, Harry;1930;4/4;C;37
Too Marvelous For Words;Whiting, Richard;1937;4/4;G;37
Who's Sorry Now?;Snyder, Ted;1923;4/4;C;37
Wow;Tristano, Lennie;1949;4/4;F;37
You Can Depend On Me;Carpenter, Charles & Dunlap, Louis & Hines, Earl;1932;4/4;F;37
You're Nobody Till Somebody Loves You;Morgan, Russ & Stock, Larry & Cavanaugh, James;1944;4/4;E-;37
Bye Bye Blackbird;Henderson, Ray;1926;4/4;F;38
Crazy Rhythm;Caesar, Irving & Meyer, Joseph & Kahn, Roger;1928;4/4;F;38
Days Of Wine And Roses;Mancini, Henry;1962;4/4;F;38
Evidence;Monk, Thelonious;1963;4/4;E-;38
Fly Me To The Moon;Howard, Bart;1954;4/4;C;38
Four In One;Monk, Thelonious;1956;4/4;E-;38
Get Out Of Town;Porter, Cole;1937;4/4;B-;38
Heyoke;Wheeler, Kenny;1976;3/4;F;38
I Hadn't Anyone Till You;Noble, Ray;1938;4/4;F;38
It Only Happens When I Dance With You;Berlin, Irving;1950;4/4;C;38
I Wish I Knew;Warren, Harry;1945;4/4;G;38
Jinrikisha;Henderson, Joe;1963;4/4;A-;38
Lamp Is Low, The;DeRose, Peter & Shefter, Bert;1939;4/4;G;38
Lazy Afternoon;Latouche, John & Moross, Jerome;1954;4/4;a;38
Mahjong;Shorter, Wayne;1964;4/4;f;38
No Splice;Konitz, Lee;1954;4/4;g;38
Passion Flower;Strayhorn, Billy;1944;4/4;G;38
Peri's Scope;Evans, Bill;1966;4/4;C;38
Pretend;Douglas, Lew & Lavere, Frank & Parman, Cliff;1952;4/4;C;38
Rockin' Chair;Carmichael, Hoagy;1929;4/4;E-;38
Scene;Harrell, Tom;1990;3/4;G;38
Sometime Ago;Mikanovich, Sergio;1962;3/4;C;38
So Tender;Jarrett, Keith;1983;4/4;A;38
Soul Eyes;Waldron, Mal;1957;4/4;c;38
S'posin';Denniker, Paul;1929;4/4;B-;38
Summer Knows, The;Legrand, Michel;1971;4/4;f;38
There Is No Greater Love;Jones, Isham;1936;4/4;B-;38
Under A Blanket Of Blue;Livingston, Jerry;1933;4/4;A-;38
Unforgettable;Irving, Gordon;1951;4/4;G;38
Woody'n You;Gillespie, Dizzy;1943;4/4;D-;38
You'd Be So Nice To Come Home To;Porter, Cole;1942;4/4;a;38
All The Things You Are;Kern, Jerome;1939;4/4;A-;39
Certain Smile, A;Fain, Sammy & Webster, Paul;1958;4/4;F;39
Charleston, The;Johnson, James;1923;4/4;B-;39
Dig;Davis, Miles;1951;4/4;A-;39
Fee-Fi-Fo-Fum;Shorter, Wayne;1964;4/4;B-;39
How High The Moon;Lewis, Morgan;1940;4/4;G;39
Isfahan;Strayhorn, Billy & Ellington, Duke;1963;4/4;D-;39
I've Grown Accustomed To Her Face;Loewe, Frederick;1956;4/4;E-;39
Laura;Raskin, David;1945;4/4;C;39
Let's Get Lost;McHugh, Jimmy;1943;4/4;C;39
Love Nest, The;Hirsch, Louis;1920;4/4;E-;39
My Heart Belongs To Daddy;Porter, Cole;1938;4/4;c;39
My Man's Gone Now;Gershwin, George;1935;3/4;e;39
Ornithology;Parker, Charlie;1946;4/4;G;39
Pennies From Heaven;Johnston, Arthur;1936;4/4;C;39
Slow Hot Wind;Mancini, Henry;1959;4/4;C;39
Strangers In The Night;Kaempfert, Bert;1966;4/4;F;39
Strayhorn 2;Mulligan, Gerry;1977;4/4;D;39
Sweet Georgia Brown;Bernie, Ben & Pinkard, Maceo;1925;4/4;A-;39
Twisted Blues;Montgomery, Wes;1965;4/4;D-;39
Walkin' My Baby Back Home;Ahlert, Fred;1930;4/4;B-;39
500 Miles High;Corea, Chick;1972;4/4;e;40
All About Ronnie;Greene, Joe;1953;4/4;B-;40
As Long As I Live;Arlen, Harold;1934;4/4;F;40
Be My Love;Brodszky, Nikolaus;1950;4/4;C;40
Bidin' My Time;Gershwin, George;1930;4/4;E-;40
Countdown;Coltrane, John;1959;4/4;B-;40
Deep Purple;DeRose, Peter;1933;4/4;F;40
East Of The Sun;Bowman, Brooks;1934;4/4;G;40
Easy To Love;Porter, Cole;1936;4/4;G;40
Emily;Mandel, Johnny;1964;3/4;G;40
Foggy Day, A;Gershwin, George;1937;4/4;F;40
Girl From Ipanema, The;Jobim, Antonio Carlos;1963;4/4;F;40
House Of Jade;Shorter, Wayne;1964;4/4;c;40
I Could Have Danced All Night;Loewe, Frederick;1956;4/4;C;40
I'll Be Seeing You;Fain, Sammy;1938;4/4;E-;40
It's Impossible;Manzanero, Armando;1960;4/4;G;40
Let There Be Love;Rand, Lionel;1940;4/4;E-;40
Milestones-New;Davis, Miles;1959;4/4;g;40
My Lucky Star;DeSylva, B.G. & Brown, Lew & Henderson, Ray;1928;4/4;F;40
On Green Dolphin Street;Kaper, Bronislau;1947;4/4;E-;40
P.S. I Love You;Jenkins, Gordon;1934;4/4;E-;40
Rosetta;Hines, Earl;1933;4/4;F;40
Silver's Serenade;Silver, Horace;1963;4/4;G;40
Suddenly It's Spring;van Heusen, Jimmy;1943;4/4;B-;40
Sun down;Montgomery, Wes;1966;4/4;A;40
Tenderly;Gross, Walter;1946;4/4;E-;40
You Do Something To Me;Porter, Cole;1929;4/4;E-;40
You Turned The Tables on Me;Alter, Louis;1936;4/4;F;40
After You;Porter, Cole;1932;4/4;C;41
Always;Berlin, Irving;1925;3/4;F;41
Bernie's Tune;Miller, Bernie;1953;4/4;d;41
Call Me Irresponsible;van Heusen, Jimmy;1962;4/4;F;41
Ceora;Morgan, Lee;1966;4/4;A-;41
Have You Met Miss Jones?;Rodgers, Richard;1937;4/4;F;41
If There Is Someone Lovelier;Dietz, Howard & Schwartz, Arthur;1934;4/4;C;41
I Left My Heart In San Francisco;Cory, George;1954;4/4;B-;41
I'm Beginning To See The Light;Hodges, Johnny & James, Harry & Ellington, Duke;1944;4/4;B-;41
In Love In Vain;Leo, Robin Jerome Kern;1946;4/4;B-;41
It Don't Mean A Thing;Ellington, Duke;1932;4/4;B-;41
Lullaby In Rhythm;Goodman, Benny & Sampson, Edgar & Profit, Clarence;1938;4/4;F;41
Mood Indigo;Ellington, Duke;1930;4/4;A-;41
Scotch And Soda;Guard, Dave;1958;4/4;E-;41
Sid's Delight;Dameron, Tadd;1947;4/4;A-;41
Solitude;Ellington, Duke;1934;4/4;E-;41
Tempus Fugit;Powell, Bud;1949;4/4;d;41
Undecided;Shavers, Charlie;1938;4/4;C;41
Voyage;Barron, Kenny;1986;4/4;f;41
What A Difference A Day Made;Grever, Maria;1934;4/4;E-;41
You're My Thrill;Gorney, Jay;1934;4/4;C;41
Airegin;Rollins, Sonny;1954;4/4;f;42
Almost Like Being In Love;Loewe, Frederick;1947;4/4;A-;42
Bright Boy;Bright, John;1999;4/4;E-;42
Cottage For Sale;Robison, Willard;1929;4/4;E-;42
Happy Little Sunbeam;Freeman, Russ;1953;4/4;F;42
Here's To Life;Butler, Artie;1990;4/4;b;42
I'm Always Chasing Rainbows;Carroll, Harry;1917;4/4;G;42
I'm Gonna Sit Right Down And Write Myself A Letter;Ahlert, Fred;1935;4/4;G;42
Indian Summer;Herbert, Victor;1919;4/4;G;42
I Only Have Eyes For You;Warren, Harry;1934;4/4;C;42
It's You Or No One;Styne, Jule;1954;4/4;F;42
I Want To Be Happy;Youmans, Vincent;1924;4/4;C;42
Let's Call This;Monk, Thelonious;1953;4/4;G;42
Linger Awhile;Rose, Vincent;1923;4/4;F;42
Love Walked In;Gershwin, George;1937;4/4;E-;42
Lyresto;Burrell, Kenny;1962;4/4;C;42
Moon River;Mancini, Henry;1961;3/4;C;42
Never Let Me Go;Livingston, Jay;1956;4/4;B-;42
No Moon At All;Mann, David;1948;4/4;d;42
One Note Samba;Jobim, Antonio Carlos;1961;4/4;B-;42
On The Sunny Side Of The Street;McHugh, Jimmy;1930;4/4;C;42
Stablemates;Golson, Benny;1957;4/4;D-;42
Star-Crossed Lovers;Strayhorn, Billy & Ellington, Duke;1944;4/4;D-;42
S' Wonderful;Gershwin, George;1927;4/4;E-;42
This Is All I Ask;Jenkins, Gordon;1958;4/4;F;42
Thou Swell;Rodgers, Richard;1927;4/4;E-;42
Too Young;Lippman, Sidney;1955;4/4;B-;42
We See;Monk, Thelonious;1954;4/4;B-;42
Witchcraft;Coleman, Cy;1957;4/4;F;42
You And The Night And The Music;Schwartz, Arthur;1934;4/4;c;42
After You've Gone;Creamer, Henry;1918;4/4;B-;43
Along Came Betty;Golson, Benny;1958;4/4;A-;43
Blueberry Hill;Lewis, Al & Stock, Larry & Rose, Vincent;1940;4/4;E-;43
Bourbon Street Parade;Barbarin, Paul;1949;4/4;B-;43
Bye-Ya;Monk, Thelonious;1962;4/4;E-;43
Daybreak;Grofe, Ferde;1942;4/4;E-;43
Five Brothers;Mulligan, Gerry;1955;4/4;C;43
I Don't Know Enough About You;Lee, Peggy;1946;4/4;C;43
If I Didn't Care;Lawrence, Jack;1939;4/4;B-;43
If I Should Lose You;Rainger, Ralph;1935;4/4;B-;43
If I Were A Bell;Loesser, Frank;1950;4/4;F;43
Indiana (Back Home Again In);Hanley, James;1917;4/4;F;43
In Walked Bud;Monk, Thelonious;1947;4/4;A-;43
Irresistable You;DePaul, Gene;1944;4/4;F;43
It Could Happen To You;Johnson, James;1944;4/4;E-;43
It's A Blue World;Wright, Bob & Forrest, Chet;1939;4/4;F;43
I Wish I Were In Love Again;Rodgers, Richard;1937;4/4;G;43
Moon And Sand;Wilder, Alec;1941;4/4;d;43
Nature Boy;Ahbez, Eden;1948;4/4;d;43
One I Love (Belongs To Somebody Else), The;Jones, Isham;1924;4/4;G;43
Poor Butterfly;Hubbell, Raymon;1916;4/4;A-;43
Road Song;Montgomery, Wes;1966;4/4;g;43
Robbin's Nest;Thompson, Charles & Jacquet, Illinois;1947;4/4;C;43
Scrapple From The Apple;Parker, Charlie;1947;4/4;F;43
Sno' Peas;Markowitz, Phil;1980;3/4;e-;43
Sweet And Lovely;Arnheim, Gus & Daniels, Charles;1931;4/4;C;43
There's No You;Hopper, Hal;1944;4/4;F;43
Tricotism;Pettiford, Oscar;1956;4/4;D-;43
Triste;Jobim, Antonio Carlos;1967;4/4;A;43
Watch What Happens;Legrand, Michel;1964;4/4;E-;43
Wild Flower;Shorter, Wayne;1964;6/4;B-;43
You're My Everything;Warren, Harry;1931;4/4;C;43
Bein' Green;Raposo, Joe;1970;4/4;B-;44
But Not For Me;Gershwin, George;1930;4/4;E-;44
Come Rain Or Come Shine;Arlen, Harold;1946;4/4;F;44
Comes Love;Brown, Lew;1939;4/4;C;44
Come Sunday;Ellington, Duke;1943;4/4;B-;44
Dolphin Dance;Hancock, Herbie;1965;4/4;E-;44
Don't Go To Strangers;Kent, Arthur & Evans, Redd & Mann, Dave;1954;4/4;B-;44
Eiderdown;Swallow, Steve;1965;4/4;g;44
Everything I Love;Porter, Cole;1941;4/4;F;44
Gravy Waltz, The;Brown, Ray;1962;3/4;C;44
Here's That Rainy Day;van Heusen, Jimmy;1953;4/4;G;44
If I Loved You;Rodgers, Richard;1945;4/4;C;44
In The Cool, Cool, Cool Of The Evening;Carmichael, Hoagy;1951;4/4;F;44
I've Heand That Song Before;Styne, Jule;1954;4/4;C;44
Just You, Just Me;Greer, Jesse;1929;4/4;C;44
Let's Cool One;Monk, Thelonious;1956;4/4;E-;44
Lovely Way To Spend An Evening,;McHugh, Jimmy;1943;4/4;F;44
Moten Swing;Moten, Bennie;1932;4/4;A-;44
New York, New York;Kander, John;1977;4/4;F;44
Off Minor;Monk, Thelonious;1947;4/4;g;44
Oh Lady Be Good;Gershwin, George;1924;4/4;G;44
One Foot In The Gutter;Terry, Clark;1958;4/4;F;44
Perhaps Perhaps Perhaps;Farres, Osvaldo & Davis, Joseph;1947;4/4;e;44
Second Star To The Right, The;Fain, Sammy;1953;4/4;E-;44
Softly, As In A Morning Sunrise;Romberg, Sigmund;1928;4/4;c;44
Stompin' At The Savoy;Sampson, Edgar;1936;4/4;D-;44
Sway;Ruiz, Pablo;1953;4/4;g;44
Tangerine;Schertzinger, Victor;1942;4/4;F;44
That Old Feeling;Fain, Sammy;1937;4/4;C;44
They Say;Weiss, Stephan & Mann, Paul;1938;4/4;C;44
They Say It's Wonderful;Berlin, Irving;1946;4/4;F;44
This Year's Kisses;Berlin, Irving;1937;4/4;G;44
Where Or When;Rodgers, Richard;1937;4/4;E-;44
Who Can I Turn To;Newley, Anthony & Bricusse, Leslie;1965;4/4;E-;44
Afternoon In Paris;Lewis, John;1956;4/4;C;45
Among My Souvenirs;Nicholls, Horatio;1927;4/4;E-;45
Amor;Ruiz, Gabriel;1944;4/4;C;45
April In Paris;Duke, Vernon;1932;4/4;C;45
Aren't You Glad You're You;van Heusen, Jimmy;1945;4/4;F;45
Bohemia After Dark;Pettiford, Oscar;1955;4/4;g;45
Dewey Square;Parker, Charlie;1947;4/4;E-;45
Embraceable You;Gershwin, George;1928;4/4;G;45
Favela;Jobim, Antonio Carlos;1963;3/4;g;45
Freckle Face;Nestico, Sammy;1975;4/4;B-;45
If I Could Be With You;Johnson, James;1926;4/4;E-;45
I'll Never Be The Same;Khan, Gus & Malneck, Matt & Signorelli, Frank;1932;4/4;G;45
I'm Getting Sentimental Over You;Bassman, George;1933;4/4;F;45
Lucky Southern;Jarrett, Keith;1972;4/4;D;45
Minor Mishap;Flanagan, Tommy;1957;4/4;b-;45
Moontrane, The;Shaw, Woody;1965;4/4;D;45
Nice 'n Easy;Spence, Lew & Bergman, Alan & Keith, Mariyln;1961;4/4;C;45
Once I Loved;Jobim, Antonio Carlos;1963;4/4;d;45
Segment;Parker, Charlie;1949;4/4;b-;45
Sweetest Sounds, The;Rodgers, Richard;1962;4/4;c;45
Tisket A Tasket, A;Traditional;1938;4/4;E-;45
Too Close For Comfort;Bock, Jerry & Weiss, George David & Holofcener, Larry;1956;4/4;C;45
West Coast Blues;Montgomery, Wes;1960;6/4;B-;45
Yardbird Suite;Parker, Charlie;1946;4/4;C;45
Beauty And The Beast;Shorter, Wayne;1974;4/4;F;46
Blue Skies;Berlin, Irving;1927;4/4;C;46
Blue Turning Grey Over You;Waller, Fats;1929;4/4;B-;46
Deed I Do;Rose, Fred;1926;4/4;C;46
Everybody's Song But My Own;Wheeler, Kenny;1988;3/4;c;46
Falling In Love Again;Hollander, Frederick;1930;3/4;C;46
Flamingo;Grouya, Ted;1941;4/4;F;46
For You, For Me, For Evermore;Gershwin, George;1930;4/4;E-;46
Gentle Rain, The;Bonfa, Luiz;1965;4/4;a;46
I'll Get By (As Long As I Have You);Ahlert, Fred;1928;4/4;C;46
I'm Glad There Is You;Dorsey, Jimmy;1941;4/4;F;46
Manoir de Mes Reves (Django's Castle);Reinhardt, Django;1949;4/4;E-;46
Maybe I Should Change My Ways;Ellington, Duke;1947;4/4;B-;46
Red Top;Hampton, Lionel;1952;4/4;G;46
September In The Rain;Warren, Harry;1937;4/4;E-;46
Till There Was You;Wilson, Meredith;1957;4/4;E-;46
Unit Seven;Jones, Sam;1962;4/4;C;46
Virgo;Shorter, Wayne;1964;4/4;F;46
What Are You Doing New Years;Loesser, Frank;1947;4/4;F;46
When It's Sleepy Time Down South;Muse, Clarence & René, Leon & René, Otis;1931;4/4;E-;46
All Through The Day;Kern, Jerome & Hammerstein, Oscar;1946;4/4;F;47
Am I Blue?;Akst, Harry;1929;4/4;F;47
Best Is Yet To Come 2;Coleman, Cy;1959;4/4;A-;47
Copenhagen;Davis, Charlie & Melrose, Walter;1924;4/4;B-;47
Don't Misunderstand;Parks, Gordon;1972;4/4;F;47
Early Autumn;Burns, Ralph & Herman, Woody;1949;4/4;C;47
Eronel;Monk, Thelonious;1952;4/4;G;47
For All We Know;Coots, Fred;1934;4/4;E-;47
Frenesi;Dominguez, Alberto;1939;4/4;A-;47
Jordu;Jordan, Duke;1953;4/4;c;47
Laurie;Evans, Bill;1980;4/4;B-;47
Make Someone Happy;Styne, Jule;1960;4/4;E-;47
Monk's Dream;Monk, Thelonious;1952;4/4;C;47
More I See You, The;Warren, Harry;1945;4/4;E-;47
Party's Over, The;Styne, Jule;1956;4/4;E-;47
Peacocks, The;Rowles, Jimmy;1975;4/4;b-;47
Penthouse Serenade;Jason, Will & Burton, Val;1931;4/4;F;47
Pretty Girl Is Like A Melody, A;Berlin, Irving;1919;4/4;G;47
September Song;Weill, Kurt;1938;4/4;B-;47
Somebody Loves Me;Gershwin, George;1924;4/4;F;47
Soon;Gershwin, George;1929;4/4;E-;47
Tonight You Belong To Me;David, Lee;1926;4/4;C;47
Training;Petrucciani, Michel;1998;4/4;A-;47
Try A Little Tenderness;Woods, Harry;1932;4/4;E-;47
Young And Foolish;Hague, Albert;1954;4/4;C;47
You've Changed;Fisher, Carl;1941;4/4;E-;47
Ain't She Sweet;Ager, Milton;1927;4/4;E-;48
Bolivia;Walton, Cedar;1963;4/4;D;48
By Myself;Schwartz, Arthur;1937;4/4;F;48
Confirmation;Parker, Charlie;1946;4/4;F;48
Continuum;Pastorius, Jaco;1976;4/4;E;48
Dinah;Akst, Harry;1925;4/4;G;48
Dindi;Jobim, Antonio Carlos;1965;4/4;E-;48
Do Nothing Til You Hear From Me;Ellington, Duke;1940;4/4;B-;48
Don't Get Around Much Anymore;Ellington, Duke;1942;4/4;C;48
Elora;Johnson, J.J.;1959;4/4;B-;48
Forest Flower;Lloyd, Charles;1967;4/4;C;48
Four Brothers;Giuffre, Jimmy;1948;4/4;A-;48
He's A Tramp;Lee, Peggy & Burke, Sonny;1955;4/4;F;48
I Cried For You;Freed, Arthur & Arnheim, Gus & Lyman, Abe;1923;4/4;F;48
I Should Care;Cahn, Sammy & Stordahl, Axel & Weston, Paul;1944;4/4;C;48
It's De-lovely;Porter, Cole;1936;4/4;F;48
Little Sunflower;Hubbard, Freddie;1967;4/4;d;48
Little Willie Leaps;Parker, Charlie;1947;4/4;F;48
Moonglow;Hudson, Will & De Lange, Eddie & Mills, Irving;1934;4/4;G;48
Night And Day;Porter, Cole;1932;4/4;C;48
Night Has A Thousand Eyes, The;Brainin, Jerry;1948;4/4;G;48
Popsicle Toes;Franks, Michael;1975;4/4;e-;48
There'll Be Some Changes Made;Overstreet, Benton;1921;4/4;B-;48
Toy Tune;Shorter, Wayne;1965;4/4;F;48
Walkin' Shoes;Mulligan, Gerry;1956;4/4;E-;48
Alone Too Long;Schwartz, Arthur;1954;4/4;G;49
Best Thing For You Is Me, The;Berlin, Irving;1950;4/4;C;49
Black Nile;Shorter, Wayne;1964;4/4;d;49
Flintstones;Curtain, Hoyt;1960;4/4;B-;49
Flower Is A Lovesome Thing, A;Strayhorn, Billy;1944;4/4;D-;49
Gone With The Wind;Wrubel, Allie;1937;4/4;E-;49
High Hopes;van Heusen, Jimmy;1959;4/4;F;49
How Deep Is The Ocean;Berlin, Irving;1932;4/4;E-;49
If I Had You;Campbell, James & Connelly, Reginald & Shapiro, Ted;1928;4/4;B-;49
I'll Remember April;DePaul;1941;4/4;G;49
I Used To Be Color Blind;Berlin, Irving;1938;4/4;E-;49
Like Someone In Love;van Heusen, Jimmy;1944;4/4;E-;49
Li'l Darling;Hefti, Neal;1957;4/4;F;49
Man I Love, The;Gershwin, George;1924;4/4;E-;49
Moonlight In Vermont;Suessdorf, Karl;1944;4/4;E-;49
Morgan The Pirate;Morgan, Lee;1964;3/4;E-;49
My Secret Love;Vogel, Roger;1988;4/4;E-;49
Speak Like A Child;Hancock, Herbie;1968;4/4;a;49
What'll I Do;Berlin, Irving;1924;3/4;C;49
You Better Go Now;Reichner, S. Bickley & Graham, Irving;1936;4/4;E-;49
You Keep Coming Back Like A Song;Berlin, Irving;1946;4/4;E-;49
All The Way;van Heusen, Jimmy;1957;4/4;E-;50
At Long Last Love;Porter, Cole;1937;4/4;C;50
Black And Blue;Waller, Fats;1929;4/4;a;50
Boplicity;Henry, Cleo;1949;4/4;F;50
But Beautiful;van Heusen, Jimmy;1947;4/4;G;50
Con Alma;Gillespie, Dizzy;1956;4/4;C;50
Confessin' (That I Love You);Daugherty, Doc & Reynolds, Ellis;1930;4/4;G;50
Could It Be You;Porter, Cole;1948;4/4;B-;50
Don't Take Your Love From Me;Nemo, Henry;1941;4/4;C;50
Dream A Little Dream Of Me;Andre, Fabian & Schwandt, Wilbur;1931;4/4;C;50
Everything I Have Is Yours;Lane, Burton;1952;4/4;C;50
Forever Sonny;Heath, Jimmy;1992;4/4;B-;50
Frim Fram Sauce, The;Richardel, Joe;1945;4/4;B-;50
How About You;Lane, Burton;1941;4/4;F;50
How Are Things In Glocca Morra;Lane, Burton;1947;4/4;F;50
I May Be Wrong;Sullivan, Henry;1929;4/4;E-;50
I'm Just A Lucky So-And-So;Ellington, Duke;1945;4/4;G;50
Isotope;Henderson, Joe;1964;4/4;C;50
Love Me Or Leave Me;Donaldson, Walter;1928;4/4;A-;50
Lullaby Of The Leaves;Petkere, Bernice;1932;4/4;c;50
Misty;Garner, Erroll;1954;4/4;E-;50
Parisian Thoroughfare;Powell, Bud;1951;4/4;F;50
Petit Fleur;Bechet, Sidney;1952;4/4;g;50
Sentimental Journey;Brown, Les & Homer, Ben;1944;4/4;C;50
She's Funny That Way;Daniels, Charles;1928;4/4;E-;50
Touch Of Your Lips, The;Noble, Ray;1926;4/4;C;50
When You Wish Upon A Star;Washington, Ned;1940;4/4;C;50
Besame Mucho;Velazques, Consuelo;1940;4/4;d;51
Blue And Sentimental;Basie, Count & Livingston, Jerry & David, Mack;1938;4/4;E-;51
Chelsea Bridge;Strayhorn, Billy;1941;4/4;D-;51
Golden Earring;Livingston, Jay;1946;4/4;c;51
I'm Sitting On Top Of The World;Lewis, Sam & Young, Joe & Henderson, Ray;1925;4/4;F;51
Invitation;Kaper, Bronislau;1952;4/4;c;51
Isn't This A Lovely Day (To Be Caught In The Rain);Berlin, Irving;1935;4/4;G;51
Joy Spring;Brown, Clifford;1955;4/4;F;51
Just One More Chance;Johnston, Arthur & Coslow, Sam;1931;4/4;G;51
My Little Suede Shoes;Parker, Charlie;1951;4/4;E-;51
Old Cape Cod;Rothrock, Claire & Yakus, Milton & Jeffrey, Allan;1957;4/4;E-;51
Only Trust Your Heart;Carter, Benny;1964;4/4;F;51
Poinciana;Simon, Nat;1936;4/4;D;51
Summer Serenade;Carter, Benny;1980;4/4;D-;51
Thrill Is Gone, The;Henderson, Ray;1931;4/4;c;51
Trinkle Tinkle;Monk, Thelonious;1952;4/4;E-;51
Webb City;Powell, Bud;1946;4/4;B-;51
Dolores;Shorter, Wayne;1967;4/4;D-;52
Dreamsville;Mancini, Henry;1959;4/4;C;52
Haunted Heart;Schwartz, Arthur;1948;4/4;E-;52
High Fly;Weston, Randy;1959;4/4;C;52
I'm Putting All My Eggs In One Basket;Berlin, Irving;1936;4/4;C;52
It's Magic;Styne, Jule;1948;4/4;B-;52
I've Never Been in Love Before;Loesser, Frank;1950;4/4;B-;52
Just Squeeze Me;Ellington, Duke;1941;4/4;F;52
Little Peace In C For You;Petrucciani, Michel;1996;4/4;C;52
Lover Man;Davis, Jimmy & Ramirez, Roger & Sherman, James;1942;4/4;F;52
Mas Que Nada;Ben, Jorge;1963;4/4;f;52
Nobody Else But Me;Kern, Jerome;1946;4/4;C;52
Oh! Look At Me Now;Bushkin, John;1941;4/4;A-;52
Ol' Man River;Kern, Jerome;1927;4/4;E-;52
Portrait Of Jennie;Robinson, J.;1948;4/4;E-;52
Prism;Jarrett, Keith;1984;4/4;g;52
Secret Love;Fain, Sammy;1953;4/4;E-;52
Time After Time;Styne, Jule;1947;4/4;C;52
52nd Street Theme;Monk, Thelonious;1948;4/4;C;53
9.20 Special;Warren, Earl;1945;4/4;C;53
Ac-Cent-Tchu-Ate the Positive;Arlen, Harold;1944;4/4;F;53
All God's Chillun Got Rhythm;Kahn, Gus & Kaper, Bronislau;1937;4/4;F;53
Ana Maria;Shorter, Wayne;1974;4/4;G;53
Be Careful It's My Heart;Berlin, Irving;1940;4/4;F;53
Birth Of The Blues, The;Henderson, Ray;1926;4/4;C;53
Chicago;Fisher, Fred;1939;4/4;C;53
Crystal Silence;Corea, Chick;1972;4/4;a;53
Dolphin, The;Eca, Luiz;1968;4/4;E;53
Ghost Of A Chance,;Young, Victor;1932;4/4;C;53
Grand Central;Coltrane, John;1959;4/4;b-;53
I Don't Stand A Ghost Of A Chance;Young, Victor;1932;4/4;C;53
Lament;Johnson, J.J.;1954;4/4;f;53
Lonely Dreams;Gibbs, Terry;1955;4/4;B-;53
Loop, The;Corea, Chick;1986;3/4;F;53
Moments To Remember;Allen, Robert;1955;4/4;G;53
My Funny Valentine;Rodgers, Richard;1937;4/4;E-;53
Nevertheless;Ruby, Harry;1931;4/4;B-;53
New Picture;Heath, Jimmy;1985;3/4;B-;53
Sea Journey;Corea, Chick;1986;4/4;a;53
Spring Is Here;Rodgers, Richard;1938;4/4;A-;53
Street Of Dreams;Young, Victor;1932;4/4;E-;53
Time For Love, A;Mandel, Johnny;1966;4/4;F;53
You Must Believe In Spring;Legrand, Michel;1967;4/4;b;53
Airmail Special;Christian, Charlie;1940;4/4;C;54
Anthropology;Parker, Charlie;1946;4/4;B-;54
Be-Bop;Gillespie, Dizzy;1944;4/4;f;54
Butch And Butch;Nelson, Oliver;1961;4/4;B-;54
C.T.A.;Heath, Jimmy;1953;4/4;B-;54
Dexterity;Parker, Charlie;1947;4/4;B-;54
Godchild;Wallington, George;1949;4/4;A-;54
Honeysuckle Rose;Waller, Fats;1929;4/4;F;54
I Ain't Got Nobody;Williams, Spencer & Graham, Roger;1915;4/4;G;54
I Could Write A Book;Rodgers, Richard;1940;4/4;C;54
If You Could See Me Now;Dameron, Tadd;1946;4/4;E-;54
I'm A Fool To Want You;Herron, Joel & Sinatra, Frank & Wolf, Jack;1951;4/4;e;54
I'm In The Mood For Love;McHugh, Jimmy;1935;4/4;C;54
Liza;Gershwin, George;1929;4/4;E-;54
Long Ago And Far Away;Kern, Jerome;1944;4/4;F;54
Morning;Fisher, Clare;1966;4/4;a;54
Mountain Greenery;Rodgers, Richard;1926;4/4;C;54
My Heart Stood Still;Rodgers, Richard;1927;4/4;F;54
Nutville;Silver, Horace;1965;4/4;c;54
Old Devil Moon;Lane, Burton;1946;4/4;F;54
Passport;Parker, Charlie;1949;4/4;B-;54
San Francisco Holiday;Monk, Thelonious;1960;4/4;E-;54
Sometimes I'm Happy;Youmans, Vincent;1925;4/4;F;54
S.O.S.;Montgomery, Wes;1962;4/4;c;54
Souvenir;Carter, Benny;1936;4/4;E-;54
Star Eyes;DePaul, Gene;1943;4/4;E-;54
Theme, The;Davis, Miles;1956;4/4;B-;54
Thriving From A Riff;Parker, Charlie;1945;4/4;B-;54
What's New;Haggard, Bob;1939;4/4;C;54
You're Laughing At Me;Berlin, Irving;1937;4/4;E-;54
Alfie;Bacharach, Burt;1965;4/4;B-;55
Baltimore Oriole;Carmichael, Hoagy;1942;4/4;g;55
Dear Old Stockholm;Traditional;1955;4/4;d;55
Don't Explain;Holiday, Billie;1944;4/4;d;55
I Like The Likes Of You;Duke, Vernon;1934;4/4;E-;55
Last Night When We Were Young;Arlen, Harold;1937;4/4;G;55
Let's Get Away From It All;Dennis, Matt;1941;4/4;E-;55
Our Love is Here to Stay;Gershwin, George;1938;4/4;F;55
Pick Yourself Up;Kern, Jerome;1936;4/4;F;55
Quasimodo Blowing Changes;Parker, Charlie;1946;4/4;E-;55
Seven Steps To Heaven;Feldman, Victor;1963;4/4;F;55
So Many Stars;Mendez, Sergio;1966;4/4;D-;55
Two For The Road;Mancini, Henry;1967;4/4;G;55
Violets For Your Furs;Dennis, Matt & Adair, Tom;1941;4/4;F;55
Young At Heart;Richards, Johnny;1954;4/4;B-;55
Agua De Beber;Jobim, Antonio Carlos;1961;4/4;d;56
Anything Goes;Porter, Cole;1934;4/4;C;56
Between The Devil And The Deep Blue Sea;Arlen, Harold;1931;4/4;F;56
C'est Si Bon;Betti, Henri;1947;4/4;B-;56
Cottontail;Ellington, Duke;1940;4/4;B-;56
Crosscurrent;Tristano, Lennie;1949;4/4;F;56
Don't Blame Me;McHugh, Jimmy;1953;4/4;C;56
Epistrophy;Thelonious, Monk & Kenny Clarke;1942;4/4;D-;56
Estate;Martino, Bruno;1960;4/4;b;56
Full House;Montgomery, Wes;1962;3/4;f;56
Glory Of Love, The;Hill, Billy;1936;4/4;G;56
Gregory Is Here;Silver, Horace;1973;4/4;B-;56
I Didn't Know About You;Ellington, Duke;1944;4/4;F;56
I Hear A Rhapsody;Fragos, George & Baker, Jack & Gasparre, Dick;1940;4/4;E-;56
I Surrender Dear;Barris, Harry;1931;4/4;C;56
Leila;Montgomery, Wes;1958;4/4;C;56
Let There Be You;Young, Vicki & Cavanaugh, David;1956;4/4;C;56
Line For Lyons;Mulligan, Gerry;1955;4/4;G;56
Manhattan;Rodgers, Richard;1925;4/4;F;56
Maze, The;Hancock, Herbie;1962;4/4;e;56
Nearness Of You, The;Carmichael, Hoagy;1937;4/4;F;56
Rhythm-a-ning;Monk, Thelonious;1958;4/4;B-;56
Saga Of Harrison Crabfeathers, The;Kuhn, Steve;1972;3/4;E-;56
Seven Come Eleven;Goodman, Benny & Christian, Charlie;1940;4/4;A-;56
Taking A Chance On Love;Duke, Vernon;1940;4/4;F;56
Tea For Two;Youmans, Vincent;1924;4/4;A-;56
Thanks For The Memory;Robin, Leo;1937;4/4;F;56
Tis Autumn;Nemo, Henry;1941;4/4;E-;56
Walkin' up;Evans, Bill;1966;4/4;C;56
We'll Be Together Again;Fisher, Carl;1945;4/4;C;56
What Are You Doing The Rest Of Your Life?;Legrand, Michel;1969;4/4;a;56
Whisper Not;Golson, Benny;1958;4/4;c;56
You Don't Know What Love Is;DePaul, Gene;1941;4/4;f;56
Again;Newman, Lionel;1949;4/4;G;57
Creole Love Call;Ellington, Duke;1927;4/4;B-;57
Do You Know What It Means?;Alter, Louis;1946;4/4;C;57
Everything I've Got Belongs To You;Rodgers, Richard;1942;4/4;E-;57
For Once In My Life;Murden, Orlando;1965;4/4;B-;57
I Cover The Waterfront;Green, Johnny;1933;4/4;G;57
I Got It Bad;Ellington, Duke;1941;4/4;G;57
I Remember You;Schertzinger, Victor;1942;4/4;F;57
It Had To Be You;Jones, Isham;1924;4/4;G;57
Lullaby Of Birdland;Shearing, George;1952;4/4;A-;57
Odd Couple, The;Hefti, Neal;1968;4/4;F;57
Smooth One, A;Goodman, Benny;1937;4/4;F;57
They All Laughed;Gershwin, George;1936;4/4;G;57
26-2;Coltrane, John;1959;4/4;F;58
As Time Goes By;Hupfeld, Herman;1931;4/4;E-;58
Budo;Davis, Miles & Powell, Bud;1949;4/4;A-;58
Bye Bye Baby;Styne, Jule;1949;4/4;B-;58
Dance Of The Infidels;Powell, Bud;1949;4/4;F;58
Don't Be That Way;Sampson, Edgar;1938;4/4;E-;58
For Heaven's Sake;Edwards, Sherman & Meyer, Don & Bretton, Elise;1946;4/4;F;58
I Thought About You;van Heusen, Jimmy;1939;4/4;F;58
I've Got The World On A String;Arlen, Harold;1932;4/4;F;58
I've Told Eve'ry Little Star;Kern, Jerome;1932;4/4;F;58
Jaco;Metheny, Pat;1974;4/4;c;58
Jeannine;Pearson, Duke;1960;4/4;A-;58
Lazybones;Carmichael, Hoagy;1933;4/4;C;58
Mambo Inn;Bauza, Mario & Sampson, Edgar & Woodlen, Bobby;1952;4/4;F;58
Manteca;Gillespie, Dizzy;1948;4/4;B-;58
Meaning Of The Blues, The;Worth, Leah & Troup, Bobby;1957;4/4;d;58
My Foolish Heart;Young, Victor;1949;4/4;B-;58
Night We Called It A Day, The;Dennis, Matt;1944;4/4;G;58
People Will Say We're In Love;Rodgers, Richard;1943;4/4;C;58
Satin Doll;Strayhorn, Billy & Ellington, Duke;1953;4/4;C;58
Someone To Watch Over Me;Gershwin, George;1926;4/4;E-;58
Stairway To The Stars;Maineck, Matt;1935;4/4;C;58
Teach Me Tonight;DePaul, Gene;1953;4/4;E-;58
They Can't Take That Away From Me;Gershwin, George;1937;4/4;E-;58
Tiny Capers;Brown, Clifford;1954;4/4;B-;58
Very Thought Of You, The;Noble, Ray;1934;4/4;A-;58
All Too Soon;Ellington, Duke;1940;4/4;C;59
Autumn In New York;Duke, Vernon;1934;4/4;F;59
Bewitched;Rodgers, Richard;1941;4/4;C;59
Can't Help Lovin' Dat Man;Kern, Jerome;1927;4/4;E-;59
Day Dream;Strayhorn, Billy & Ellington, Duke;1941;4/4;F;59
Day Dreaming;Kern, Jerome;1941;4/4;B-;59
Flying Home;Goodman, Benny & Hampton, Lionel & DeLange, Eddie;1940;4/4;E-;59
Home Cookin';Silver, Horace;1957;4/4;F;59
It Ain't Necessarily So;Gershwin, George;1935;4/4;g;59
It's Easy To Remember;Rodgers, Richard;1935;4/4;E-;59
I've Got You Under My Skin;Porter, Cole;1936;4/4;E-;59
Let's Do It (Let's Fall In Love);Porter, Cole;1928;4/4;B-;59
Love Is Just Around The Corner;Gensler, Lewis;1934;4/4;F;59
Meditation;Jobim, Antonio Carlos;1962;4/4;C;59
My Old Flame;Johnson, Arthur;1934;4/4;F;59
My Way;Francois, Claude & Thibault, Gilles;1969;4/4;C;59
Nice Work If You Can Get It;Gershwin, George;1937;4/4;G;59
Raincheck;Strayhorn, Billy;1942;4/4;F;59
Satellite;Coltrane, John;1959;4/4;G;59
Since I Fell For You;Johnson, Buddy;1945;4/4;E-;59
Someday (You'll Be Sorry);Armstrong, Louis;1947;4/4;E-;59
Speak No Evil;Shorter, Wayne;1961;4/4;c;59
Wave;Jobim, Antonio Carlos;1967;4/4;D;59
You're Everything;Corea, Chick;1972;4/4;A;59
Ain't Misbehavin';Waller, Fats;1929;4/4;C;60
All My Tomorrows;van Heusen, Jimmy;1960;4/4;G;60
Blame It On My Youth;Levant, Oscar;1934;4/4;E-;60
Bunko;Niehaus, Lenny;1955;4/4;F;60
Celia;Powell, Bud;1956;4/4;B-;60
Cry Me A River;Hamilton, Arthur;1953;4/4;E-;60
Dancing On The Ceiling;Rodgers, Richard;1930;4/4;F;60
Falling Grace;Swallow, Steve;1966;4/4;A-;60
Give Me The Simple Life;Bloom, Rube;1959;4/4;E-;60
I Gotta Right To Sing The Blues;Arlen, Harold;1932;4/4;B-;60
I'm Old Fashioned;Kern, Jerome;1942;4/4;F;60
It's The Talk Of The Town;Livingston, Jerry;1933;4/4;F;60
I Want To Talk About You;Eckstine, Billy;1946;4/4;E-;60
Monk's Mood;Monk, Thelonious;1946;4/4;D-;60
Moonlight Becomes You;van Heusen, Jimmy;1942;4/4;F;60
Nutty;Monk, Thelonious;1954;4/4;B-;60
Ping Pong;Shorter, Wayne;1961;4/4;C;60
Second Time Around, The;van Heusen, Jimmy;1960;4/4;C;60
Sippin' At Bells;Davis, Miles;1947;4/4;F;60
Smoke Gets In Your Eyes;Kern, Jerome;1933;4/4;E-;60
Sunday Kind Of Love, A;Belle, Barbara & Leonard, Anita & Rhodes, Stan & Prima, Louis;1946;4/4;F;60
Up Jumped Spring;Hubbard, Freddie;1967;3/4;B-;60
Benny's Tune;Loueke, Lionel;2007;6/4;D-;61
Butterfly Dreams;Clarke, Stanley;1973;3/4;C;61
For Sentimental Reasons;Best, William;1945;4/4;D-;61
I'm Through With Love;Malneck, Matty & Kahn, Gus & Livingston, Fud;1931;4/4;F;61
Isn't It Romantic?;Rodgers, Richard;1932;4/4;E-;61
It Might As Well Be Spring;Rodgers, Richard;1945;4/4;G;61
It's A Lovely Day Today;Berlin, Irving;1950;4/4;B-;61
I Was Doing All Right;Gershwin, George;1937;4/4;A-;61
Little Rootie Tootie;Monk, Thelonious;1959;4/4;A-;61
Making Whoopee;Donaldson, Walter;1928;4/4;G;61
Memories Of You;Blake, Eubie;1930;4/4;E-;61
Milestones-Old;Davis, Miles;1958;4/4;B-;61
My Little Brown Book;Strayhorn, Billy;1963;4/4;B-;61
Naima;Coltrane, John;1959;4/4;b-;61
Somewhere;Bernstein, Leonard;1956;4/4;E-;61
Stars Fell On Alabama;Perkins, Frank;1934;4/4;C;61
Tones For Joan's Bones;Corea, Chick;1967;4/4;D;61
Too Young To Go Steady;McHugh, Jimmy;1955;4/4;F;61
Zing Went The Strings Of My Heart;Hanley, James;1934;4/4;E-;61
Alone Together;Schwartz, Arthur;1939;4/4;d;62
Change Partners;Berlin, Irving;1938;4/4;F;62
Django;Lewis, John;1956;4/4;f;62
Eternal Triangle;Stitt, Sonny;1957;4/4;B-;62
Heatwave;Berlin, Irving;1933;4/4;G;62
Ill Wind;Arlen, Harold;1934;4/4;B-;62
In a Sentimental Mood;Ellington, Duke;1935;4/4;d;62
I See Your Face Before Me;Schwartz, Arthur;1937;4/4;E-;62
Is You Is Or Is You Ain't (Ma' Baby);Austin, Billy & Jordan, Louis;1944;4/4;A-;62
It's A Good Day;Lee, Peggy;1947;4/4;E-;62
Lady is a Tramp, The;Rodgers, Richard;1937;4/4;C;62
Little Niles;Weston, Randy;1958;3/4;g;62
Moment's Notice;Coltrane, John;1957;4/4;E-;62
Moonlight Saving Time;Kahal, Irving;1931;4/4;F;62
Once In A While;Edwards, Michael;1937;4/4;E-;62
Radio;Swallow, Steve;1978;4/4;F;62
Straighten Up And Fly Right;Cole, Nat King & Mills, Irving;1944;4/4;A-;62
Straight Street;Coltrane, John;1957;4/4;e-;62
Wrap Your Troubles In Dreams;Barris, Harry;1931;4/4;C;62
You Brought A New Kind Of Love;Fain, Sammy  & Kahal, Irving & Connor, Pierre;1930;4/4;G;62
At Last;Warren, Harry;1941;4/4;C;63
Blue Champagne;Ryerson, Frank & Eaton, Jimmy & Watts, Frank;1941;4/4;F;63
Blue Moon;Rodgers, Richard;1934;4/4;E-;63
Devil May Care;Kirk, T.P.;1963;4/4;g;63
Down In The Depths;Porter, Cole;1936;4/4;D;63
Everything Happens To Me;Dennis, Matt;1940;4/4;B-;63
Georgia On My Mind;Carmichael, Hoagy;1930;4/4;F;63
Get Happy;Arlen, Harold;1929;4/4;F;63
Imagination;van Heusen, Jimmy;1939;4/4;E-;63
Kids Are Pretty People;Jones, Thad;1968;4/4;d;63
Kiss To Build A Dream On, A;Kalmar, Bert & Ruby, Harry & Hammerstein, Oscar;1935;4/4;C;63
Let's Fall In Love;Arlen, Harold;1933;4/4;C;63
Mean To Me;Ahlert, Fred;1929;4/4;F;63
More Than You Know;Youmans, Vincent;1929;4/4;C;63
My Romance;Rodgers, Richard;1935;4/4;C;63
Put On A Happy Face;Strouse, Charles;1960;4/4;E-;63
Question And Answer;Metheny, Pat;1989;3/4;d;63
Say It (Over And Over Again);Loesser, Frank;1940;4/4;E-;63
Soultrane;Dameron, Tadd;1956;4/4;E-;63
Thelonious;Monk, Thelonious;1947;4/4;B-;63
What A Wonderful World;Weiss, George & Thiele, Bob;1967;4/4;F;63
A Felicidade;Jobim, Antonio Carlos;1959;4/4;a;64
Basin Street Blues;Williams, Spencer;1926;4/4;B-;64
Call Me;Hatch, Tony;1965;4/4;G;64
Caravan;Tizol, Juan & Ellington, Duke;1937;4/4;f;64
Dear Lord;Coltrane, John;1965;4/4;D;64
Detour Ahead;Ellis, Herb;1954;4/4;C;64
Easy Street;Jones, Alan;1941;4/4;E-;64
Falling In Love With Love;Rodgers, Richard;1938;3/4;B-;64
Good Morning Heartache;Higginbotham, Irene & Drake, Ervin & Fisher, Dan;1945;4/4;c;64
I Hear Music;Lane, Burton;1940;4/4;F;64
I Let A Song Go Out Of My Heart;Ellington, Duke;1938;4/4;E-;64
It's A Big Wide Wonderful World;Rox, John;1940;3/4;A-;64
Jeepers Creepers;Warren, Harry;1938;4/4;B-;64
Jitterbug Waltz;Waller, Fats;1942;3/4;E-;64
Let's Face The Music And Dance;Berlin, Irving;1935;4/4;C;64
Like A Lover;Caymmi, Dori;1967;4/4;C;64
Pannonica;Monk, Thelonious;1956;4/4;C;64
Things We Did Last Summer, The;Styne, Jule;1946;4/4;F;64
This Masquerade;Russell, Leon;1972;4/4;f;64
What A Little Moonlight Can Do;Woods, Harry;1934;4/4;G;64
When Lights Are Low;Carter, Benny;1958;4/4;F;64
While We're Young;Wilder, Alec;1947;3/4;E-;64
With A Song In My Heart;Rodgers, Richard;1929;4/4;E-;64
Yes And No;Shorter, Wayne;1965;4/4;D;64
 Blue Room, The;Rodgers, Richard;1926;4/4;F;65
Born To Be Blue;Wells, Robert & Torme, Wells;1946;4/4;C;65
Crazy He Calls Me;Sigman, Carl;1949;4/4;F;65
Easy Living;Rainger, Ralph;1937;4/4;F;65
Get Me To The Church On Time;Lerner, Alan;1956;4/4;G;65
How Long Has This Been Going On?;Gershwin, George;1927;4/4;F;65
I Got The Sun In The Morning;Berlin, Irving;1946;4/4;F;65
I'll Be Around;Wilder, Alec;1942;4/4;C;65
It's Only a Paper Moon;Arlen, Harold;1933;4/4;G;65
Keepin' Myself For You;Youmans, Vincent;1955;4/4;E-;65
Let's Call The Whole Thing Off;Gershwin, George;1936;4/4;E-;65
Lover;Rodgers, Richard;1932;4/4;E-;65
Skylark;Carmichael, Hoagy;1941;4/4;E-;65
Sophisticated Lady;Ellington, Duke;1933;4/4;A-;65
Will You Still Be Mine?;Dennis, Matt;1941;4/4;E-;65
Blackberry Winter;Wilder, Alec;1976;4/4;F;66
Dedicated To You;Cahn, Sammy & Chaplin, Saul & Zaret, Hy;1960;4/4;B-;66
I Loves You Porgy;Gershwin, George;1935;4/4;F;66
Love For Sale;Porter, Cole;1930;4/4;b-;66
One By One;Shorter, Wayne;1963;4/4;g;66
Warm Valley;Ellington, Duke;1940;4/4;B-;66
Alfie's Theme;Rollins, Sonny;1966;4/4;B-;67
I'll Take Romance;Oakland, Ben;1937;3/4;F;67
Little Girl Blue;Rodgers, Richard;1935;3/4;F;67
Lone Jack 2;Metheny, Pat;1978;4/4;b-;67
Nancy (With The Laughing Face);van Heusen, Jimmy;1944;4/4;E-;67
Skippy;Monk, Thelonious;1952;4/4;A-;67
Song Is You, The;Kern, Jerome;1932;4/4;C;67
Strode Rode;Rollins, Sonny;1956;4/4;f;67
That's All;Haymes, Bob & Brandt, Alan;1952;4/4;B-;67
These Foolish Things;Strachey, Jack;1936;4/4;E-;67
Without A Song;Youmans, Vincent;1929;4/4;E-;67
End Of A Love Affair, The;Redding, Edward;1950;4/4;F;68
Ev'ry Time We Say Goodbye;Porter, Cole;1944;4/4;E-;68
I Guess I'll Hang My Tears Out To Dry;Styne, Jule;1945;4/4;C;68
It Never Entered My Mind;Rodgers, Richard	;1940;4/4;F;68
Just One Of Those Things;Porter, Cole;1935;4/4;F;68
Man That Got Away, The;Arlen, Harold;1954;4/4;F;68
Old Folks;Robison, Willard;1938;4/4;F;68
Out Of This World;Arlen, Harold;1944;4/4;E-;68
Reflections;Monk, Thelonious;1952;4/4;A-;68
Willow Weep For Me;Ronell, Ann;1932;4/4;G;68
Bouncin' With Bud;Powell, Bud;1949;4/4;B-;69
Day In, Day Out;Bloom, Rube;1939;4/4;C;69
Desafinado-orig;Jobim, Antonio Carlos;1959;4/4;E;69
Desafinado;Jobim, Antonio Carlos;1959;4/4;F;69
From This Moment On;Porter, Cole;1951;4/4;f;69
Goodbye;Jenkins, Gordon;1935;4/4;C;69
I Didn't Know What Time It Was;Rodgers, Richard;1939;4/4;G;69
Turn Out The Stars;Evans, Bill;1966;4/4;a;69
You Are Too Beautiful;Rodgers, Richard;1932;4/4;C;69
Dat Dere;Timmons, Bobby;1960;4/4;c;70
Dream Dancing;Porter, Cole;1941;4/4;C;70
Heart And Soul;Carmichael, Hoagy;1938;4/4;F;70
I Concentrate On You;Porter, Cole;1939;4/4;E-;70
Isn't It A Pity;Gershwin, George;1933;4/4;C;70
I Wish You Love;Trenet, Charles;1946;4/4;E-;70
Joker, The;Morgan, Lee;1964;4/4;E-;70
Mona Lisa;Livingston, Jay & Evans, Ray;1950;4/4;E-;70
People;Styne, Jule;1963;4/4;B-;70
Tin Tin Deo;Gillespie, Dizzy;1951;4/4;g;70
Angel Eyes;Dennis, Matt;1946;4/4;c;71
Ask Me Now;Monk, Thelonious;1951;4/4;D-;71
Hallucinations;Powell, Bud;1951;4/4;F;71
It's All Right With Me;Porter, Cole;1953;4/4;c;71
Some Other Time;Bernstein, Leonard;1944;4/4;C;71
When Sunny Gets Blue;Fisher, Marvin;1956;4/4;F;71
You Go To My Head;Coots, Fred;1938;4/4;E-;71
You Make Me Feel So Young;Myrow, Josef;1946;4/4;B-;71
Black Coffee;Burke, Sonny;1948;4/4;C;72
God Bless The Child;Holiday, Billie & Herzog, Arthur;1941;4/4;E-;72
Good Bait;Dameron, Tadd;1944;4/4;B-;72
I Can't Get Started;Duke, Vernon;1935;4/4;C;72
If Ever I Would Leave You;Loewe, Frederick;1960;4/4;B-;72
I Get A Kick Out Of You;Porter, Cole;1934;4/4;E-;72
In The Still Of The Night;Porter, Cole;1937;4/4;F;72
I've Got My Love To Keep Me Warm;Berlin, Irving;1937;4/4;E-;72
Looking Up;Petrucciani, Michel;1990;4/4;A;72
My Favorite Things;Rodgers, Richard;1959;3/4;e;72
Oh What A Beautiful Mornin';Rodgers, Richard;1943;3/4;E-;72
Prelude To A Kiss;Ellington, Duke;1938;4/4;C;72
Rainbow Connection, The;Williams, Paul & Ascher, Kenneth;1979;3/4;G;72
Recado Bossa Nova;Ferreira, Djalma;1962;4/4;g;72
Sleepin' Bee, A;Arlen, Harold;1954;4/4;A-;72
Star Dust;Carmichael, Hoagy;1929;4/4;D-;72
Wendy;Desmond, Paul;1975;4/4;E-;72
Chega De Saudade (No More Blues);Jobim, Antonio Carlos;1958;4/4;d;73
Corcovado;Jobim, Antonio Carlos;1959;4/4;C;73
Hello Young Lovers;Rodgers, Richard;1951;3/4;C;73
My One And Only Love;Wood, Guy;1953;4/4;C;73
Some Other Spring;Kitchings, Irene;1939;4/4;C;73
Stormy Weather;Arlen, Harold;1933;4/4;G;73
You're The Top;Porter, Cole;1934;4/4;E-;73
You Took Advantage Of Me;Rodgers, Richard;1928;4/4;E-;73
Body And Soul;Green, Johnny;1930;4/4;D-;74
Fascinating Rhythm;Gershwin, George;1924;4/4;F;74
I Remember Clifford;Golson, Benny;1957;4/4;E-;74
Look To The Sky;Jobim, Antonio Carlos;1972;4/4;E-;74
Miles Ahead;Davis, Miles;1957;4/4;C;74
Polkadots And Moonbeams;van Heusen, Jimmy;1940;4/4;F;74
Wonderful Day Like Today, A;Bricusse, Leslie & Newley, Anthony;1964;4/4;E-;74
All Through The Night;Porter, Cole;1934;4/4;F;75
Conception;Shearing, George;1950;4/4;D-;75
Moonlight Serenade;Miller, Glenn;1939;4/4;F;75
Pensativa;Fischer, Clare;1964;4/4;G-;75
So In Love;Porter, Cole;1948;4/4;f;75
This Could Be The Start Of Something;Allen, Steve;1956;4/4;E-;76
Lover Come Back To Me;Romberg, Sigmund;1928;4/4;E-;77
On The Street Where You Live;Loewe, Frederick;1956;4/4;B-;77
Surrey With The Fringe On The Top;Rodgers, Richard;1943;4/4;B-;77
Close Enough For Love;Mandel, Johnny & Williams, Paul;1979;4/4;g;78
I Don't Want To Miss Mississippi;Ellis, Serger;1931;4/4;G;78
That Old Black Magic;Arlen, Harold;1942;4/4;E-;78
Wives And Lovers;Bacharach, Burt;1963;3/4;E-;78
Billy Boy;Traditional;1930;4/4;C;79
Hello Dolly;Herman, Jerry;1964;4/4;B-;79
One Morning In May;Carmichael, Hoagy;1933;4/4;D;79
Quiet Now;Zeitlin, Denny;1970;4/4;C;79
There's A Lull In My Life;Revel, Harry;1937;4/4;F;79
Alice In Wonderland;Fain, Sammy;1951;3/4;C;80
Butterfly;Hancock, Herbie;1974;4/4;f;80
Cherokee;Noble, Ray;1938;4/4;B-;80
Ko Ko;Parker, Charlie;1945;4/4;B-;80
Moon Alley;Harrell, Tom;1986;4/4;F;80
My Ship;Weill, Kurt;1941;4/4;F;80
Waltz For Debby;Evans, Bill;1964;3/4;F;80
Bark For Barksdale;Mulligan, Gerry;1953;4/4;F;81
Captain Marvel;Corea, Chick;1973;4/4;C;81
Darn That Dream;van Heusen, Jimmy;1939;4/4;G;81
The Duke;Brubeck, Dave;1955;4/4;C;81
Country;Jarrett, Keith;1977;4/4;A-;82
And The Angels Sing;Elman, Ziggy;1939;4/4;E-;83
Come Fly With Me;van Heusen, Jimmy;1957;4/4;C;83
Fantasy in D (or Ugetsu);Hubbard, Freddie;1971;4/4;C;83
Midnight Sun;Hampton, Lionel & Burke, Sonny;1947;4/4;C;83
Skyliner;Barnet, Charlie;1944;4/4;C;83
Sweet Lorraine;Burwell, Cliff;1928;4/4;G;83
I'm All Smiles;Leonard, Michael & Martin, Herbert;1964;4/4;D;84
Nightingale Sang In Berkeley Square, A;Sherwin, Manning;1940;4/4;E-;84
Blues In The Night;Arlen, Harold;1941;4/4;B-;85
Samba De Orfeu;Bonfa, Luiz;1959;4/4;C;85
Way You Look Tonight, The;Kern, Jerome;1936;4/4;F;85
Cheese Cake;Gordon, Dexter;1955;4/4;c;86
Manha De Carnaval (Black Orpheus);Bonfa, Luiz;1959;4/4;a;86
All Or Nothing At All;Altman, Arthur;1938;4/4;a;87
Save Your Love For Me;Johnson, Buddy;1945;4/4;D;87
Cute;Hefti, Neal;1962;4/4;F;88
Del Sasser;Jones, Sam;1960;4/4;E-;88
Night In Tunisia, A;Gillespie, Dizzy;1942;4/4;d;88
Beyond The Sea;Trenet, Charles;1946;4/4;F;89
Folks Who Live On The Hill, The;Kern, Jerome;1937;4/4;C;89
Nica's Dream;Silver, Horace;1956;4/4;b-;89
Speak Low;Weill, Kurt;1943;4/4;F;89
Brazil (Aquarela Do Brasil);Barroso, Ary;1930;4/4;D;90
I Won't Dance;Kern, Jerome;1935;4/4;C;90
Some Enchanted Evening;Rodgers, Richard;1949;4/4;C;91
Strollin';Silver, Horace;1960;4/4;D-;91
Brazilian Suite;Petrucciani, Michel;1999;4/4;b-;92
Lotus Blossom;Strayhorn, Billy;1947;3/4;B-;92
Masquerade Is Over, The;Wrubel, Allie;1938;4/4;f;94
Over The Rainbow (Somewhere)Arlen Harold;Arlen, Harold;1939;4/4;E-;95
Brilliant Corners;Monk, Thelonious;1957;4/4;B-;96
Moanin';Timmons, Bobby;1959;4/4;f;96
My Song;Jarrett, Keith;1978;4/4;C;96
Lazy Bird;Coltrane, John;1957;4/4;G;97
El Cajon;Mandel, Johnny;1981;4/4;E-;98
I Believe In You;Loesser, Frank;1961;4/4;G;98
Think Of One;Monk, Thelonious;1953;4/4;F;100
With The Wind And The Rain In Hair;Edwards, Clare;1940;4/4;F;101
Begin The Beguine;Porter, Cole;1935;4/4;C;102
Daahoud;Brown, Clifford;1954;4/4;E-;102
It's A Dance;Petrucciani, Michel;1998;3/4;E-;102
Cheetah;Burrell, Kenny;1956;4/4;B-;103
Dienda;Kirkland, Kenny;1986;3/4;C;103
Round Midnight;Monk, Thelonious;1944;4/4;e-;103
Windows;Corea, Chick;1967;3/4;b;104
Lone Jack (Page 1);Metheny, Pat;1978;4/4;b-;105
Driftin';Hancock, Herbie;1962;4/4;E-;106
Blues March;Golson, Benny;1958;4/4;B-;108
Don't Know Why;Harris, Jesse;2002;4/4;B-;108
Very Early;Evans, Bill;1962;3/4;C;108
Lush Life;Strayhorn, Billy;1949;4/4;D-;109
Quasimodo Theme;Parker, Charlie;1946;4/4;E-;109
And On The Third Day;Gibbs, Michael;1970;4/4;D;110
I Will Wait For You;Legrand, Michel;1964;4/4;d;112
Little Dancer;Harrell, Tom;1979;3/4;D-;112
I Got Rhythm;Gershwin, George;1930;4/4;B-;113
Opener, The;Evans, Bill;1959;4/4;C;115
Aisha;Tyner, McCoy;1961;4/4;a;121
One For My Baby;Arlen, Harold;1943;4/4;E-;121
There's A Small Hotel;Rodgers, Richard;1936;4/4;E-;125
Sail Away;Harrell, Tom;1989;4/4;C;133
Troubled Waters;Johnston, Arthur;1933;4/4;F;133
Best Is Yet To Come;Coleman, Cy;1959;4/4;A-;134
Slipped Disc;Goodman, Benny;1945;4/4;A-;135
Wouldn't It Be Loverly;Loewe, Frederick;1956;4/4;G;135
Crepuscule With Nellie;Monk, Thelonious;1957;4/4;A-;136
Crisis;Hubbard, Freddie;1961;4/4;C;136
Moondance;Morrison, Van;1970;4/4;a;136
Milano;Lewis, John;1954;4/4;C;137
Peel Me A Grape;Frishberg, Dave;1962;4/4;d;138
Bess You Is My Woman;Gershwin, George;1935;4/4;B-;141
Cheek to Cheek;Berlin, Irving;1935;4/4;C;144
I Get Along Without You;Carmichael, Hoagy;1939;4/4;B-;144
Goodbye Pork Pie Hat;Mingus, Charles;1959;4/4;E-;149
Skating In Central Park;Lewis, John;1959;3/4;C;154
Spring Can Really Hang You Up The Most;Wolf, Tommy;1955;4/4;C;168
Ballad, A;Mulligan, Gerry;1973;4/4;C;175
Ruby, My Dear;Monk, Thelonious;1945;4/4;E-;176
James;Metheny, Pat;1979;4/4;D;205
Bud Powell;Corea, Chick;1978;4/4;F;371